ACN,date,quadrant,precursor_score,if_score,spc_flag,Events | Anomaly,component_fatigue,component_comm_breakdown,component_near_miss,component_procedure_deviation,component_urgency,Aircraft 1 | Flight Phase,topic_label,narrative_preview
1979746,2023-03-01,ORANGE,0.825,0.440053280813714,1,"Aircraft Equipment Problem Less Severe; Conflict Ground Conflict, Critical; Deviation / Discrepancy - Procedural Landing Without Clearance; Deviation / Discrepancy - Procedural Clearance; Deviation / Discrepancy - Procedural Published Material / Policy",4,1,3,1,2,Landing,3_runway_aircraft_traffic_on,"I was Pilot monitoring and had just switched frequencies from approach to tower. Visibility was 5 miles in haze, and we were able to see the runway just outside of the FAF (ZZZZZ, RNAV XX). I checked in with tower and we're subsequently cleared to land. I illuminated the landing lights and the PF (P"
1780276,2020-12-01,ORANGE,0.8,0.22735321855481794,1,ATC Issue All Types; Deviation - Track / Heading All Types; Deviation / Discrepancy - Procedural Published Material / Policy; Deviation / Discrepancy - Procedural Clearance; Ground Incursion Taxiway,4,2,1,1,2,Climb; Descent; Taxi,-1_the_to_and_was,"I wanted to take a few minutes to relate to you my personal experiences during the events that transpired.  We were at the tail end of a lengthy four day trip, with the usual holiday related challenges; weather, maintenance, crew-placarding, lengthy sit times, de-icing etc. On the third day of the t"
1958821,2022-12-01,ORANGE,0.8,0.591901126228432,1,Airspace Violation All Types; Deviation / Discrepancy - Procedural Published Material / Policy; Deviation / Discrepancy - Procedural Unauthorized Flight Operations (UAS); Deviation / Discrepancy - Procedural FAR,2,0,2,3,2,Cruise,9_drone_the_was_it,"As the Remote Pilot in Command (RPIC) on the date(s) of the incident I was operating a recently acquired DJI Mavic 3 Enterprise, which has a weight of approximately 2 pounds. It was daytime, sunny, very little wind, and partly cloudy skies.I have used FAA DroneZone successfully in the past so as soo"
1891032,2022-04-01,ORANGE,0.775,0.5566154204313356,1,ATC Issue All Types; Airspace Violation All Types; Deviation / Discrepancy - Procedural Published Material / Policy; Inflight Event / Encounter Weather / Turbulence,1,1,2,2,2,Cruise,22_sector_aircraft_to_sectors,"At approximately XA:05AM local time on Date I arrived at work and saw on our overhead weather display that there was a solid line of extreme precipitation that cut straight through the middle of our specialty West to East moving Eastward. Furthermore, as everyone in our area and management knew well"
1762721,2020-09-01,ORANGE,0.75,0.020622698904790737,1,Aircraft Equipment Problem Critical; Deviation - Altitude Excursion From Assigned Altitude; Deviation - Speed All Types; Deviation / Discrepancy - Procedural Clearance; Deviation / Discrepancy - Procedural Published Material / Policy,1,3,1,2,2,Cruise,-1_the_to_and_was,"Due to weather and a supposed power outage at the airport, we were delayed approximately 1 hour from our scheduled departure time. This was the start of leg 2 for the day as we already operated out of ZZZ. There was another issue I will discuss after the conclusion of our [priority handling] event. "
1569469,2018-08-01,ORANGE,0.725,0.25857675644673417,1,Aircraft Equipment Problem Less Severe; Deviation / Discrepancy - Procedural Published Material / Policy,4,0,2,2,1,Climb,-1_the_to_and_was,"Between scheduled days off, a short medical issue, and sitting R1 waiting for an assignment, I'd been off duty for 2-3 weeks prior to this event. Additionally, due to heavy crew flights I hadn't been up front for a departure in almost a month. Prior to the flight I realized I wasn't the most current"
1725216,2020-02-01,ORANGE,0.725,0.42955877616417504,1,"Conflict Ground Conflict, Critical; Deviation / Discrepancy - Procedural FAR; Deviation / Discrepancy - Procedural Published Material / Policy; Inflight Event / Encounter Weather / Turbulence",2,0,2,1,3,Parked,-1_the_to_and_was,"On Day 2 of a 3 Day Trip, we experienced an irregular operation on our second leg, flight ZZZ-ZZZ1. The weather in ZZZ1 had deteriorated to sub-CAT 1, with low ceiling, low visibility and reports of moderate icing in the ZZZ1 terminal area. We prepared for an autoland approach to Runway XX. While es"
1737621,2020-03-01,ORANGE,0.725,0.20101434901430282,1,Deviation / Discrepancy - Procedural Published Material / Policy,4,0,2,2,1,Climb,0_engine_the_and_we,"On climbout from ZZZ, at approximately 13,300 feet the Cabin Altitude Warning horn sounded and the Cabin Warning light illuminated. As the PF, I immediately disengaged the autothrottles, began to level off and informed the FO that 'I had the radios.' I then called ATC and told them I needed to level"
1932078,2022-09-01,ORANGE,0.725,0.046383702794046355,1,"ATC Issue All Types; Conflict Ground Conflict, Critical; Ground Incursion Runway",2,2,1,2,0,Landing,-1_the_to_and_was,Having received a landing clearance the transition from ILS DME2 Runway 14 to a visual approach was continued. Captain was Flying Pilot. 1000 ft. stable call was made. At about 600 ft. I asked the FO (First Officer) 'Is that paint on the runway?' Slight hesitation and I think the answer was somethin
1584265,2018-10-01,ORANGE,0.7,0.23198118208210072,1,Airspace Violation All Types; Deviation / Discrepancy - Procedural Clearance; Deviation / Discrepancy - Procedural FAR; Deviation / Discrepancy - Procedural Published Material / Policy; Flight Deck / Cabin / Aircraft Event Other / Unknown,4,1,1,1,2,Takeoff / Launch,20_frequency_to_and_the,"The Captain and I were getting ready to push on leg 4/4, [out of SJC], on what had become a pretty long day. The pushback crew was trying to establish communication; the Ops Agent had just given us our [information] sheet which said we had like 25 minutes left to get airborne without a waiver. We ha"
1704529,2019-11-01,ORANGE,0.7,0.10788448654735516,1,Deviation / Discrepancy - Procedural Published Material / Policy,4,1,1,2,1,Takeoff / Launch,21_to_and_the_that,Bottom line short version was took off on correct runway (XXR) but had XXL in FMC. Now the long version. This leg falls in the middle of an 11 day trip and was suspected to be the hardest night since 2 legs at night after acclimating to [a far off timezone]. We come off [several days] in [a differen
1712204,2019-12-01,ORANGE,0.7,0.533975383888234,1,Airspace Violation All Types; Deviation / Discrepancy - Procedural Clearance; Deviation / Discrepancy - Procedural FAR; Deviation / Discrepancy - Procedural Published Material / Policy,2,1,1,2,1,Takeoff / Launch,9_drone_the_was_it,Unintentionally flew drone in ZZZ Class B airspace without authorization for 12 minutes.How the problem arose:1. I assumed authorization of an LAANC request without verifying a text authorization was received.2. A one minute miscalculation caused the LAANC rejection of flying at night. Sunset was at
1758480,2020-08-01,ORANGE,0.7,0.018617138774166153,1,Aircraft Equipment Problem Critical; Deviation / Discrepancy - Procedural Published Material / Policy,2,1,1,2,1,Cruise,11_and_the_to_was,The main reason for filing this report is the [priority handling request] due to multiple repeat aircraft malfunctions. Also pertinent from a safety standpoint are events involved in the preparation and execution of this flight. I will address these administrative factors at the end of my narrative.
1905586,2022-06-01,ORANGE,0.7,0.39880868326682795,1,Airspace Violation All Types; Conflict NMAC; Deviation / Discrepancy - Procedural Published Material / Policy,1,1,3,2,1,Initial Climb,3_runway_aircraft_traffic_on,"Background: During my third dual flight lesson as a CFI candidate on Date in Aircraft X at AKR, I was in the right seat as PIC (Pilot in Command) (instructor in left seat), practicing takeoffs and landings in the AKR pattern, and there were 1-2 other airplanes also doing pattern work. I left a littl"
1945726,2022-10-01,ORANGE,0.7,0.08452850893207298,1,"ATC Issue All Types; Conflict Ground Conflict, Critical; Deviation / Discrepancy - Procedural Clearance; Deviation / Discrepancy - Procedural Published Material / Policy; Ground Event / Encounter Aircraft; Ground Incursion Taxiway",2,1,1,2,1,Taxi,3_runway_aircraft_traffic_on,"I was CA (Captain) taxiing Aircraft X for departure from the ZZZ 'X' gates to Runway XXL, when we narrowly avoided a collision with a Aircraft Y single engine turboprop. Conditions were the pre-dawn period of civil twilight, VMC, dry pavement, and extensive construction zone hazard lighting in the v"
1693387,2019-10-01,ORANGE,0.675,0.3549169912461133,1,Deviation - Altitude Excursion From Assigned Altitude; Deviation - Track / Heading All Types; Deviation / Discrepancy - Procedural Clearance; Inflight Event / Encounter CFTT / CFIT,0,2,2,2,1,Descent,1_the_to_approach_and,"While descending via on the DSNEE 4 RNAV arrival into SNA we were given a set of instructions approximately 5 miles from the DSNEE fix. I remember it as being, Aircraft X, after DSNEE, slow to 190 kts. and descend and maintain 6,300 ft. I repeated this instruction back to ATC and I believe my partne"
1746738,2020-06-01,ORANGE,0.675,0.08018083590831893,1,Deviation - Altitude Excursion From Assigned Altitude; Deviation - Speed All Types; Deviation / Discrepancy - Procedural Clearance; Inflight Event / Encounter Unstabilized Approach,0,2,3,1,2,Initial Approach,-1_the_to_and_was,"As a line check airman, I was teaching and providing operating experience to a First Officer (FO) transitioning back to the Aircraft X type, after flying another aircraft type.  I was the pilot flying and the trainee FO was in the pilot monitoring role.  During our arrival into ZZZ, we received a ST"
1929726,2022-08-01,ORANGE,0.675,0.13480762628895115,1,Aircraft Equipment Problem Critical; Deviation / Discrepancy - Procedural Published Material / Policy; Ground Event / Encounter Ground Strike - Aircraft,1,0,2,2,3,Landing,2_gear_the_to_and,"Practicing power off 180's with Instructor at ZZZ. I did a GUMPS shock midfield, but failed to extend the gear. Once power was set to idle the gear unsafe horn came on, after doing various other power off maneuvers at altitude, my brain ignored the warning horn and I became hyper focused on speed an"
1573174,2018-08-01,ORANGE,0.65,0.2536035039115345,1,Aircraft Equipment Problem Critical; Deviation / Discrepancy - Procedural Published Material / Policy; Ground Event / Encounter Gear Up Landing; Inflight Event / Encounter Fuel Issue,0,1,4,3,2,Final Approach,-1_the_to_and_was,"My friend, who is a Gold Seal CFII, and I departed to do an engine break-in flight in my Cessna. I was in the left seat. We had waited about 2 hours for the ceilings to lift above 1000 feet so that we would have visual conditions if we were to have an engine failure. My mechanic had flown my Cessna "
1696045,2019-10-01,ORANGE,0.65,0.3153604287748465,1,Deviation / Discrepancy - Procedural Published Material / Policy; Ground Event / Encounter Gear Up Landing,0,1,2,2,2,Landing,2_gear_the_to_and,"The event being reported is a mistaken, inadvertent gear up landing at ZZZ in a Cessna P210 after a short flight from ZZZ1. At the time of this incident, I had 775 hours in type (in this particular aircraft), 997 hours total time in retractable gear aircraft, and 1560+ hours flight time logged. This"
1706031,2019-11-01,ORANGE,0.65,0.10809008661162478,1,Inflight Event / Encounter Unstabilized Approach; Inflight Event / Encounter CFTT / CFIT,2,0,2,0,2,Landing,-1_the_to_and_was,"Beautiful night, last leg into ZZZ, slightly high but configured early with flaps 5 and gear down. Announced and selected V/S to gently get down glidepath for smoothness. RNAV XXL was set up and we were getting vectored for the visual. Airport in sight since ZZZ1. Autopilot on. Good rapport with FO,"
1738798,2020-03-01,ORANGE,0.65,0.44034811199146373,1,Aircraft Equipment Problem Critical; Deviation / Discrepancy - Procedural Published Material / Policy,3,0,2,1,1,Takeoff / Launch,21_to_and_the_that,"A chain of events culminated in a rejected takeoff that likely would have resulted in a low level in flight engine failure had the takeoff been continued. The mission was to deliver Aircraft X on amphibious floats to ZZZZ. With the current coronavirus restrictions, most flights have been canceled. O"
1738767,2020-03-01,ORANGE,0.65,0.12062118994190807,1,Deviation / Discrepancy - Procedural Published Material / Policy; Flight Deck / Cabin / Aircraft Event Other / Unknown,2,0,2,1,1,Initial Approach,8_door_the_and_to,"On day four of day six of flying, tired and distracted I failed to properly disarm the main cabin exit door prior to crosschecking. On day four of day six of flying, I failed to properly disarm the forward cabin entry door and did not properly cross-check. As I opened the door, I could tell somethin"
1776784,2020-12-01,ORANGE,0.65,0.46325889658098407,1,Aircraft Equipment Problem Critical; Deviation / Discrepancy - Procedural Maintenance; Deviation / Discrepancy - Procedural FAR; Deviation / Discrepancy - Procedural MEL / CDL; Deviation / Discrepancy - Procedural Published Material / Policy,1,1,1,3,2,Parked,6_maintenance_the_that_and,"My Recommendation: Because there is what I believe to be a low but uncertain chance that the primary pressure vessel of the Aircraft X has a current active failure, the aircraft should be immediately grounded, and an investigation be initiated into whether this issue is just a classification and eng"
1905306,2022-06-01,ORANGE,0.65,0.13380593412344666,1,Aircraft Equipment Problem Critical; Deviation / Discrepancy - Procedural Published Material / Policy; Flight Deck / Cabin / Aircraft Event Smoke / Fire / Fumes / Odor,1,1,1,2,2,Parked,4_smell_smoke_the_odor,"I arrived at the aircraft having received an add-on turn to ZZZ1 after completing my scheduled three-day. The F/O (First Officer) and Flight Attendants were already there, and the APU was being used to provide expedited cooling, since the aircraft had previously been sitting without any cooling and "
1559340,2018-07-01,ORANGE,0.625,0.46242988978685584,1,Deviation - Altitude Undershoot; Deviation / Discrepancy - Procedural Clearance; Deviation / Discrepancy - Procedural Published Material / Policy,3,1,1,2,0,Descent,21_to_and_the_that,I will begin by affirming that the Buck stops with me and I failed to monitor the automation and Pilot Flying (PF) as necessary. We debriefed each other and both agree on what happened and how to ensure it doesn't again. I did check many of the factors squares and even though items I will mention di
1567926,2018-08-01,ORANGE,0.625,0.10841130573987079,1,Deviation / Discrepancy - Procedural Other / Unknown; Flight Deck / Cabin / Aircraft Event Illness / Injury; Ground Event / Encounter Other / Unknown,2,1,1,0,2,Parked,29_air_cabin_temperature_the,"The flight was planned as a two-leg trip. There were 4 planned crewmembers, but one was an FO (First Officer) on IOE with a Check Airman so effectively we were a 3-person crew. The aircraft arrived over 24 hours behind schedule due to previous rolling delays and the APU had been deferred for at leas"
1699210,2019-11-01,ORANGE,0.625,0.19605170796663762,1,Deviation - Track / Heading All Types; Deviation / Discrepancy - Procedural Clearance; Deviation / Discrepancy - Procedural Published Material / Policy; Inflight Event / Encounter Weather / Turbulence,3,1,1,1,1,Cruise,-1_the_to_and_was,"At XA46 received CPDLC (Controller Pilot Data Link Communications) clearance to deviate +/- 25 NM for weather. At approximately XB05, [we] returned to centerline to split two thunderstorm cells, but verbalized, 'We're back on course, but don't report back on course as we're still needing to deviate."
1725079,2020-02-01,ORANGE,0.625,0.2717543539094045,1,Deviation - Altitude Excursion From Assigned Altitude; Deviation - Speed All Types; Deviation / Discrepancy - Procedural Published Material / Policy; Inflight Event / Encounter CFTT / CFIT; Inflight Event / Encounter Unstabilized Approach,2,1,1,1,1,Final Approach,1_the_to_approach_and,"On approach into Boston, at night with visibility unlimited. We were initially cleared direct to RIPIT, the outer marker, and to descend to 2000 ft, on approach over the water to Runway 27. The altitude at RIPIT is charted at 1700 ft.With no traffic between us and the airport, we were then cleared d"
1757150,2020-08-01,ORANGE,0.625,0.025155687246189773,1,Aircraft Equipment Problem Less Severe; Deviation / Discrepancy - Procedural Published Material / Policy; Ground Event / Encounter Other / Unknown,1,1,2,0,2,Cruise,29_air_cabin_temperature_the,FO (First Officer) and I left the hotel to have breakfast together at the airport as the food available at the hotel is limited. After breakfast we proceeded to the departure gate.The aircraft was extremely hot when we first boarded and there was no airflow. While I briefed Purser and the cabin crew
1776315,2020-12-01,ORANGE,0.625,0.21578844427650112,1,"Conflict Ground Conflict, Less Severe; Deviation / Discrepancy - Procedural Clearance; Ground Incursion Runway",1,2,0,2,2,Taxi,3_runway_aircraft_traffic_on,"After landing and during rollout on RW (Runway) XXR, we were instructed to 'make left turn if able and hold short of [Runway] XXL, then notify if gate was open'. As PF (Pilot Flying), I had already briefed during approach briefing that we would likely make left turn on [Taxiway] XX then hold short o"
1895362,2022-04-01,ORANGE,0.625,0.2583153484345845,1,Aircraft Equipment Problem Less Severe; Deviation / Discrepancy - Procedural Clearance; Deviation / Discrepancy - Procedural Published Material / Policy,3,1,1,1,1,Taxi,4_smell_smoke_the_odor,In ZZZ before Aircraft X to ZZZ we had Maintenance out because none of the PA's were working. The pilot to cabin and F/As (Flight Attendants) wasn't working and you could not hear any announcements from the front or back PA. Maintenance was able to turn the volume up on everything but the Aft PA so 
1987312,2023-03-01,ORANGE,0.625,0.3512291025114197,1,ATC Issue All Types; Deviation / Discrepancy - Procedural Published Material / Policy; No Specific Anomaly Occurred Unwanted Situation,0,2,1,2,4,Takeoff / Launch; Taxi,-1_the_to_and_was,Angry Controller. We were preparing for taxi and takeoff. The runway had changed and we were preparing the avionics adjustments and briefing while taxiing. I am also doing IOE (Initial Operating Experience) with a new student. Upon reaching the approaching the end of the Runway XXL in ZZZ my student
1984105,2023-03-01,ORANGE,0.625,0.2672749255717537,1,Deviation / Discrepancy - Procedural Published Material / Policy; Deviation / Discrepancy - Procedural Clearance; Ground Event / Encounter Loss Of Aircraft Control,1,1,2,0,2,Taxi,7_brake_the_tug_parking,We were getting pushed off of gate XXX in ZZZ. On pushback we were told we were cleared to start engines. We started engine 1. We were never told to set brakes once push was complete. We started moving forward and I saw the tug and tow bar ahead of us moving away. I asked the Captain if they disconn
1979603,2023-03-01,ORANGE,0.625,0.09442562715485503,1,Aircraft Equipment Problem Less Severe; Deviation - Altitude Overshoot; Deviation - Track / Heading All Types; Deviation / Discrepancy - Procedural Weight And Balance; Deviation / Discrepancy - Procedural Clearance; Deviation / Discrepancy - Procedural Published Material / Policy; Flight Deck / Cabin / Aircraft Event Other / Unknown; Inflight Event / Encounter Weather / Turbulence; Inflight Event / Encounter CFTT / CFIT,0,3,1,2,2,Descent; Initial Approach; Final Approach,-1_the_to_and_was,"I was a SIC on a series of flights that departed ZZZ, with legs in ZZZ1, ZZZ2 and ZZZ3 with a return to ZZZ. I was flying with a CA (Captain) I had yet to fly with out of the ZZZ base. I arrived early as usual, and proceeded to do a walk around, and then started on duties to prepare the aircraft for"
2008059,2023-06-01,ORANGE,0.625,0.5176304277045748,1,ATC Issue All Types; Conflict NMAC; Conflict Airborne Conflict; Deviation - Altitude Excursion From Assigned Altitude; Deviation / Discrepancy - Procedural Clearance; Deviation / Discrepancy - Procedural Published Material / Policy; Ground Event / Encounter Ground Equipment Issue; Inflight Event / Encounter CFTT / CFIT,0,2,1,3,2,Descent,-1_the_to_and_was,"I was working Sector X. Our main frequency site failed, all of ZZZ TRACON Northern Airspace transmitters also failed. Despite that fact that neither of us could talk to airplanes effectively or safely we once again absorbed the Northern Airspace from ZZZ Approach. On [Sector] X I was using the east "
1698655,2019-10-01,ORANGE,0.6,0.4699473468691556,1,Deviation / Discrepancy - Procedural Published Material / Policy; Inflight Event / Encounter Weather / Turbulence,2,0,1,1,2,Climb,5_turbulence_wake_we_the,"I was the PF (Pilot Flying) on flight (number) from ZZZ1-ZZZ2. On the flight inbound from ZZZ we had continuous moderate turbulence from 10,000 feet to landing. Winds at 6,000 feet were still blowing over 70 kts, so we expected more turbulence on departure. With the departure off Runway XX, the path"
1751848,2020-07-01,ORANGE,0.6,0.043503908960219495,1,Aircraft Equipment Problem Critical; Deviation / Discrepancy - Procedural Published Material / Policy; Inflight Event / Encounter CFTT / CFIT; Inflight Event / Encounter Unstabilized Approach,2,0,1,3,1,Initial Approach,-1_the_to_and_was,"Vectored to join the Rwy XX ILS inside ZZZZZ, called the field and cleared for the visual. Disconnected to autopilot to descend and join the glide slope (which was below us). Continued to hand fly since the Aircraft wouldn't lock the glide slope outside the localizer. As localizer came in, the fligh"
1759106,2020-08-01,ORANGE,0.6,0.6472836378907055,1,Deviation / Discrepancy - Procedural Published Material / Policy; Inflight Event / Encounter Unstabilized Approach,2,0,1,1,2,Landing,-1_the_to_and_was,"On the approach to Runway XX at ZZZ Airport after a standard right-hand traffic pattern, I was slightly higher than I should have been. This was largely due to concerns about the potential for strong wind drafts coming off the cliff at the approach end of Runway XX and it may have been the case that"
1756044,2020-08-01,ORANGE,0.6,0.6763146060520093,1,Deviation / Discrepancy - Procedural Published Material / Policy; Deviation / Discrepancy - Procedural Maintenance,2,0,1,3,1,,-1_the_to_and_was,During my shift [I] was tasked to complete slat adjustment on #11 slat. A few hours in it was noticed that the outboard target on the auxiliary track was not lining up with its sensor. A quick glance at the adjacent slat seemed to confirm that the targets were not in the correct position. Being unde
1763678,2020-09-01,ORANGE,0.6,0.504350417084441,1,ATC Issue All Types; Conflict Airborne Conflict; Deviation / Discrepancy - Procedural Published Material / Policy; Inflight Event / Encounter Unstabilized Approach,0,2,2,0,2,Initial Approach,-1_the_to_and_was,"Throughout the arrival ATC requested best forward speed, comply at ZZZZZ: 230kts, 10,000 ft. After ZZZZZ, we were vectored for the approach to XXL. We called the airport in sight and ATC cleared us for the approach. We were also requested to slow to 160kts for spacing with an aircraft in front of us"
1775898,2020-12-01,ORANGE,0.6,0.3637614382228269,1,Aircraft Equipment Problem Less Severe; Deviation / Discrepancy - Procedural Published Material / Policy; Flight Deck / Cabin / Aircraft Event Smoke / Fire / Fumes / Odor,2,2,0,0,2,Taxi,4_smell_smoke_the_odor,"During taxi FA-B and I (FA-C) smelled a glue/stinky sock odor.Then we got headaches, Dizzy, Light headed, Confusion.FA-B called FA-A asked if she noticed any smell of felt ok. She didn't notice a smell but didn't feel well.Symptoms weren't going away so FA-B called the flight deck to notify.We went "
1892421,2022-04-01,ORANGE,0.6,0.086575838169483,1,Aircraft Equipment Problem Critical; Deviation / Discrepancy - Procedural Published Material / Policy; Deviation / Discrepancy - Procedural Maintenance; Ground Event / Encounter Ground Strike - Aircraft; Ground Event / Encounter Loss Of Aircraft Control,1,0,2,1,3,Takeoff / Launch,-1_the_to_and_was,"On DATE, crew scheduling contacted me requesting that I fly Aircraft X that evening due to crew fatigue. The previous crew had experienced a series of mechanical problems throughout the day, and I was to be the relief captain. Knowing this, I arrived at the gate approximately 15-20 minutes before sc"
1897212,2022-05-01,ORANGE,0.6,0.4061523958510501,1,"Aircraft Equipment Problem Less Severe; Conflict Ground Conflict, Critical; Deviation / Discrepancy - Procedural Published Material / Policy; Ground Event / Encounter Ground Equipment Issue",0,3,4,1,1,Taxi,7_brake_the_tug_parking,Almost hit another aircraft by inches. Thus pushback off CLT [Gate] XX first started bad with female Tug Driver on inter phone just saying non standard incomplete 'all secure below ready for pushback when you are.' Instructions were to pushback then pull to abeam [Gate] XY. Also indicating she was n
1914638,2022-07-01,ORANGE,0.6,0.428826659860432,1,Aircraft Equipment Problem Critical; Flight Deck / Cabin / Aircraft Event Smoke / Fire / Fumes / Odor,0,2,2,0,2,Cruise,0_engine_the_and_we,"Normal flights from ZZZ3 - ZZZ2 - ZZZ1. No indications of any anomalies. Normal engine starts in ZZZ1 for flight to ZZZ4. Oil quantity at start in ZZZ1 - Eng 1 10 QTS, Eng 2 12 QTS. First Officer (FO) pilot flying (PF) on this leg, Captain was pilot monitoring (PM). Normal departure off Runway XL in"
1930344,2022-08-01,ORANGE,0.6,0.2561027794904358,1,Conflict NMAC; Deviation / Discrepancy - Procedural Published Material / Policy,0,3,2,1,1,Initial Approach,-1_the_to_and_was,"I experienced a near miss on entry to the traffic pattern with another aircraft already in the left downwind. Coming from the east, I made a planned an entry to left hand traffic for [Runway] 16 via flying over midfield at 4,500 MSL (1,500 feet above traffic pattern). During descent from the east to"
1975037,2023-02-01,ORANGE,0.6,0.5649738396734221,1,Aircraft Equipment Problem Critical; Deviation / Discrepancy - Procedural Clearance; Deviation / Discrepancy - Procedural Published Material / Policy; Flight Deck / Cabin / Aircraft Event Illness / Injury,0,2,2,0,2,Initial Climb,11_and_the_to_was,"Shortly after departure during climb-out, ZZZ Approach could not hear our transmissions, we could hear theirs. The last transmission heard was, 'Turn back to ZZZ.' At that time we had lost GPS, some flight instruments, and all communications. We descended through the clouds to get into VMC. Heading "
1562635,2018-07-01,ORANGE,0.575,0.33614454137351646,1,Conflict Airborne Conflict; Deviation - Altitude Excursion From Assigned Altitude; Inflight Event / Encounter Loss Of Aircraft Control; Inflight Event / Encounter Weather / Turbulence,0,1,2,1,2,Cruise,5_turbulence_wake_we_the,"While at level cruise of FL320, we approached a very narrow and rapidly developing isolated thunderstorm. Enroute controllers typically do an exceptional job of calling out severe weather and no such callout was made to alert of the weather. Equally important is the failure of this cell to appear on"
1565471,2018-07-01,ORANGE,0.575,0.6736891896500043,1,Deviation / Discrepancy - Procedural Clearance; Deviation / Discrepancy - Procedural Published Material / Policy; Inflight Event / Encounter CFTT / CFIT,2,0,2,0,1,Landing,-1_the_to_and_was,"Nearing the end of a hot, bumpy four-hour IFR flight to PVU that was largely conducted on oxygen at altitudes ranging from 8,000 to 14,000 feet MSL I was turned over to Salt Lake Approach Control north of the YMONT intersection, given a vector and cleared from 14,000 ft to 13,000 ft MSL. The vector "
1597771,2018-11-01,ORANGE,0.575,0.14029116360607474,1,Aircraft Equipment Problem Less Severe; Flight Deck / Cabin / Aircraft Event Smoke / Fire / Fumes / Odor,0,1,2,1,2,Cruise,4_smell_smoke_the_odor,"We were nearly three hours behind schedule due to a late inbound with a deferred right PACK. We were level at a cruise altitude of 25,000 feet. Both pilots smelled an odor similar to a lit match. There was a very faint smoke on the flight deck. We immediately went on oxygen and established communica"
1597483,2018-11-01,ORANGE,0.575,0.18476219806762195,1,Deviation / Discrepancy - Procedural Published Material / Policy; Inflight Event / Encounter Unstabilized Approach; Inflight Event / Encounter Weather / Turbulence,3,1,0,2,1,Other Go Around,-1_the_to_and_was,"Second leg of the night, to ZZZ. The captain was on his 6th day of working on reserve. I was on my second day of reserve flying. We had deadheaded [from coast to coast] and then flown the red eye to ZZZ the previous night/morning. We had slept at the hotel during the day and flown ZZZ to ZZZ1 that e"
1748317,2020-06-01,ORANGE,0.575,0.12180533726214504,1,Aircraft Equipment Problem Critical,0,1,2,2,1,Takeoff / Launch,-1_the_to_and_was,"Aircraft was actually [Tail Number X], not [Tail Number Y]. It was grounded for more than 72 hours prior to our flight. Experienced significant delay (about 3.5 hours) due to thunder storm in terminal area. On pushback we got the EEC ALTN lights. Prior to taxi, with parking brake set CA (Captain) ca"
1759009,2020-08-01,ORANGE,0.575,0.031728070483834414,1,Aircraft Equipment Problem Less Severe; Deviation / Discrepancy - Procedural Published Material / Policy,2,1,0,1,2,Final Approach,10_flaps_flap_we_the,We had been cleared for the RNAV RNP Z Runway XX into ZZZ. We were on speed and profile and I began configuring for landing at ZZZZZ which is also where I called 'Runway Landing' as conditions near the field were VFR and we both had the runway in sight. 1 mile prior to ZZZZZ1 at approximately 4500 M
1780188,2020-12-01,ORANGE,0.575,0.6666275235294119,1,No Specific Anomaly Occurred Unwanted Situation,4,0,2,1,0,,21_to_and_the_that,"I am writing this because I'm concerned about the safety of the ZZZ - ZZZZ - Chengdu Airport - ZZZZ - ZZZ pairing.  Starting on date, it was changed from a 4 person crew to a 3 person crew. This is NOT SAFE. I understand why [it] changed is because the duty time went from XX:25 to XX:20 and so only "
1890298,2022-04-01,ORANGE,0.575,0.6615549174238082,1,ATC Issue All Types; Conflict NMAC; Deviation - Track / Heading All Types; Deviation / Discrepancy - Procedural Clearance,0,1,2,1,3,Other VFR Traffic Pattern,-1_the_to_and_was,Controller Y was training on local 1 with Controller Z as trainer. I noticed Controller Y cleared Aircraft X number 2 when he should have been number three and said 'number three?' There was no response and I looked at the trainer who didn't seem to care. I looked back a bit later and noticed Aircra
1907448,2022-06-01,ORANGE,0.575,0.12704165479615082,1,Deviation / Discrepancy - Procedural Published Material / Policy; No Specific Anomaly Occurred Unwanted Situation,0,1,2,1,2,Taxi,-1_the_to_and_was,I was the Captain on Flight XXX ZZZ-ZZZ1 performing Line Check Airmen (LCA) duties with a new hire on date. This was an all-night flight which was leg five and a third duty period for the new hire. My new hire was Military background and had completed his OE early this year and basically sat for fou
1913393,2022-06-01,ORANGE,0.575,0.5732180737354198,1,ATC Issue All Types; Airspace Violation All Types; Deviation / Discrepancy - Procedural Clearance; Inflight Event / Encounter CFTT / CFIT,2,2,1,0,0,Descent,-1_the_to_and_was,"I have been super busy outside of work (moving) and doing a lot of things before and after my shifts where normally I'm able to relax. Also we have been extremely short at the facility, so it's pretty normal to be working 6 day work weeks instead of 5. I was extremely tired before I took the Sector "
1930075,2022-08-01,ORANGE,0.575,0.48625976416476824,1,Conflict NMAC; Deviation - Track / Heading All Types; Deviation / Discrepancy - Procedural Clearance,3,0,3,0,1,Final Approach,3_runway_aircraft_traffic_on,The problem arose when I began teaching a standard approach to landing from the traffic pattern to Runway 17R. My student had only been in the program a week and was up for his first flight in the traffic pattern. Due to this I became task saturated teaching as he'd told me he'd read over the requir
1957662,2022-12-01,ORANGE,0.575,0.6119375218860909,1,Aircraft Equipment Problem Critical; Deviation / Discrepancy - Procedural Published Material / Policy; Deviation / Discrepancy - Procedural Clearance,0,1,2,1,2,Climb,23_apu_generator_the_and,"This event occurred on Aircraft X (Day, departed XA13) while en route from ZZZ to ZZZ1. The First Officer (FO) was the pilot flying (PF). While climbing thru FL340 with the Autopilot and autothrottle engaged, we experienced a significant loss of electrical power. The autopilot and autothrottle disco"
2001525,2023-05-01,ORANGE,0.575,0.45313271063448535,1,ATC Issue All Types; Aircraft Equipment Problem Critical; Deviation / Discrepancy - Procedural Clearance; Flight Deck / Cabin / Aircraft Event Other / Unknown; Inflight Event / Encounter Weather / Turbulence,0,1,2,1,2,Cruise,-1_the_to_and_was,"Upon our descent to ZZZZ we were cleared to point ZZZZZ, established at FL350, and approaching ZZZZZ we were put on radar vectors due heading 290 for preceding traffic. At this time we noticed that this heading was sending us into the direction of convective cell, direct and slightly to the right of"
2013770,2023-06-01,ORANGE,0.575,0.3129594111536682,1,"Conflict Ground Conflict, Critical; Deviation / Discrepancy - Procedural Published Material / Policy; Ground Event / Encounter Other / Unknown; Ground Incursion Ramp",0,1,2,1,2,Parked; Taxi,7_brake_the_tug_parking,"We were waiting for our Gate XX which was occupied by a late departing B777. Once they pushed that B777 we moved into position to taxi in. We noticed that the self-park system was saying ""Ground Stop' in red. So we stopped and set the parking brake. We noticed that the crew that pushed the B777 woul"
1568449,2018-08-01,ORANGE,0.55,0.03446941889643984,1,Deviation - Speed All Types; Deviation / Discrepancy - Procedural Published Material / Policy; Deviation / Discrepancy - Procedural FAR; Inflight Event / Encounter Unstabilized Approach,3,1,1,0,1,Final Approach,-1_the_to_and_was,"We were operating to ELP. The first error in this chain of events is when I noticed we were level at 8,000 feet at an indicated airspeed of 280 knots going direct to AGUAS. I pointed out to the Captain that we needed to reduce our airspeed immediately. Shortly thereafter we began our speed reduction"
1572605,2018-08-01,RED,0.55,0.8595971773395787,1,ATC Issue All Types; Deviation / Discrepancy - Procedural Published Material / Policy; Inflight Event / Encounter CFTT / CFIT,0,2,1,2,1,Climb,1_the_to_approach_and,"I was working the DR position and there were multiple IFR practice approaches all day due to the weather being just below VFR minimums most of the day. As far as I can recall, Aircraft X came off IFR asking to be vectored for an instrument approach. I don't recall what approach he was on. I have not"
1580868,2018-09-01,ORANGE,0.55,0.03436733587389795,1,ATC Issue All Types; Deviation / Discrepancy - Procedural Clearance; Deviation / Discrepancy - Procedural Published Material / Policy; Inflight Event / Encounter Unstabilized Approach,2,1,1,1,0,Final Approach,1_the_to_approach_and,We were high and fast intercepting glide path between 2000 and 1000 (feet) AGL. PF (Pilot Flying) made best efforts to capture glide path and slow the aircraft before required stabilization altitude. Using speed brake and configuration we were able to get on speed but were still above glidepath. At 
1582329,2018-09-01,ORANGE,0.55,0.10699691492738683,1,Deviation - Speed All Types; Deviation / Discrepancy - Procedural Published Material / Policy; Deviation / Discrepancy - Procedural FAR,2,1,1,1,0,Takeoff / Launch,10_flaps_flap_we_the,"After nearly a 3 hour sit I was somewhat mentally fatigued. We had set up for a departure out of DCA but were asked if we could depart Runway 33. I had ran the numbers so we knew we could depart Runway 33 so we accepted it. I changed the V speeds, set Runway 33 as the departure runway on the flight "
1579045,2018-09-01,ORANGE,0.55,0.33292084713106096,1,Deviation - Speed All Types; Deviation - Track / Heading All Types; Deviation / Discrepancy - Procedural Clearance; Deviation / Discrepancy - Procedural Published Material / Policy; Inflight Event / Encounter Unstabilized Approach; Inflight Event / Encounter Weather / Turbulence,1,2,0,2,1,Initial Approach,-1_the_to_and_was,"While being vectored for Runway 16L, DEN Approach gave us direct KIKME. As the Pilot Flying, I slowed the aircraft to 180 knots and called for flaps 2. DEN Approach advised Windshear Alert for 16L with windshear +35 knots. The Pilot Monitoring inquired about 16R and started loading 16R into our box."
1589108,2018-10-01,ORANGE,0.55,0.13218731400561645,1,Deviation / Discrepancy - Procedural Hazardous Material Violation; Deviation / Discrepancy - Procedural Published Material / Policy,3,1,1,0,1,Parked,6_maintenance_the_that_and,"About 20 mins prior to departure, the ACARS printed our servicing form (SVC Info Summary, as it always does). It showed our LAVs serviced, potable water taken care of, no animals aboard and DG...yes. Curious, as we had not received the required DG 'preliminary form', we had our CS agent contact Ops "
1690245,2019-10-01,ORANGE,0.55,0.050331892736606765,1,Deviation - Altitude Overshoot; Deviation - Speed All Types; Deviation / Discrepancy - Procedural Clearance; Deviation / Discrepancy - Procedural Published Material / Policy; Inflight Event / Encounter Unstabilized Approach,0,2,1,3,1,Final Approach,-1_the_to_and_was,We were cleared to descend via an arrival for a visual approach at the airport. We had decided to use the RNP approach as a way to get to a final approach fix and failed to realize it created an inverse video on our approach which caused us to be high. We were extended farther downwind the arrival t
1747322,2020-06-01,ORANGE,0.55,0.06018359283649677,1,Aircraft Equipment Problem Critical; Flight Deck / Cabin / Aircraft Event Illness / Injury,0,2,1,2,1,Descent,0_engine_the_and_we,"Upon descent the aircraft pressurization system failed, leading to a loss of cabin pressure.  Until point of malfunction aircraft operated with no observed anomalies or deficiencies. Flight was smooth and routine until shortly after reaching Top of Descent and leaving FL380. Descending from FL380 to"
1754357,2020-07-01,ORANGE,0.55,0.02672808842001806,1,ATC Issue All Types; Deviation / Discrepancy - Procedural Landing Without Clearance,1,0,1,2,2,Landing,-1_the_to_and_was,"On right downwind to land on XXL at ZZZ, Tower offered a tight visual approach to avoid traffic. We accepted the approach and the Captain immediately turned off the autopilot and hand flew the visual approach, intercepting final just inside the final approach fix. We accomplished all checklists and "
1769610,2020-11-01,ORANGE,0.55,0.276808507661941,1,Deviation / Discrepancy - Procedural Clearance; Ground Incursion Runway,0,2,1,2,1,Takeoff / Launch; Taxi,-1_the_to_and_was,"The FO told me upon our initial meeting at the gate that she had been off for the past 7 months, that she flew for the first time 'yesterday' (a ZZZ1 turn), and that this was her second day back after 7 months off. While pre-flighting and briefing on the flight deck, at Gate X, Runway XXL auto-popul"
1894404,2022-04-01,ORANGE,0.55,0.45355357657064843,1,Aircraft Equipment Problem Critical; Deviation / Discrepancy - Procedural Published Material / Policy; Deviation / Discrepancy - Procedural Clearance; Deviation / Discrepancy - Procedural FAR; Flight Deck / Cabin / Aircraft Event Smoke / Fire / Fumes / Odor,0,2,1,1,2,Cruise,-1_the_to_and_was,FL360 N2 Vibe indication and noise. Reduced left engine idle. A couple of belches of smoke from the Gaspers. Shut off left pack. FO (First Officer) started descent. Made PA FA (Flight Attendant) 3 chimed to report noise and smoke. Gave assurance and promised to call back. Donned O2 and requested vec
1898862,2022-05-01,ORANGE,0.55,0.08418395718775107,1,Aircraft Equipment Problem Critical; Deviation - Track / Heading All Types; Deviation / Discrepancy - Procedural Clearance; Deviation / Discrepancy - Procedural Published Material / Policy; Inflight Event / Encounter Unstabilized Approach,0,0,2,2,2,Initial Approach,-1_the_to_and_was,"While operating ZZZ to LGA, we experienced an avionics anomaly that resulted in significant aircraft position error on the ILS to Runway 4.Initially, the FMS was loaded with the ILS 4 with no transition, however, during the arrival, we were given direct the IF (BENNG). With the CA (Captain) as PF (p"
1988358,2023-04-01,ORANGE,0.55,0.278745723668848,1,ATC Issue All Types; Deviation - Track / Heading All Types; Deviation / Discrepancy - Procedural Clearance; Deviation / Discrepancy - Procedural Published Material / Policy; Inflight Event / Encounter CFTT / CFIT; Inflight Event / Encounter Fuel Issue; Inflight Event / Encounter Unstabilized Approach; Inflight Event / Encounter Weather / Turbulence,0,2,1,1,2,Initial Approach,5_turbulence_wake_we_the,"We were descending into ZZZ on a flight from ZZZ1. We knew there would be moderate turbulence in the area and experienced at least occasional moderate on our descent below 16,000 ft. There were clouds in the area that indicated moderate turbulence and passed through a portion of them on our descent "
1570097,2018-08-01,ORANGE,0.525,0.07530007999779231,1,Aircraft Equipment Problem Less Severe; Deviation - Altitude Overshoot; Deviation / Discrepancy - Procedural Clearance,2,0,1,1,1,Descent,-1_the_to_and_was,"I was Pilot Flying. We were assigned to descend via the JFUND2/Runway 04R transition. We had separately confirmed all constraints in the FMC, and I had briefed the arrival. We had left FL270 prior to the first altitude restriction using managed descent. The first constraint was at or above FL240 at "
1570183,2018-08-01,ORANGE,0.525,0.1518227560231712,1,Deviation / Discrepancy - Procedural FAR; Deviation / Discrepancy - Procedural Published Material / Policy; Flight Deck / Cabin / Aircraft Event Other / Unknown,2,0,1,1,1,Cruise,-1_the_to_and_was,Approximately one hour and fifteen minutes before the end of my break I was startled awake from a deep sleep by a loud bang outside/against the crew bunk. One of the flight attendants apologized profusely for 'accidentally dropping a dish which hit the floor and the wall of the bunk.' I asked her wh
1571289,2018-08-01,ORANGE,0.525,0.1075622670493025,1,Deviation / Discrepancy - Procedural Clearance; Ground Incursion Taxiway,4,0,1,1,1,Taxi,-1_the_to_and_was,"In ZZZ we were given the instructions to taxi XX to the intersection of XXR and XX1 for takeoff. While on XX1 at the hold short line for XXR the FO (First Officer) said, 'You are on XX2 not XX1,' I looked up and did see an XX2 location sign out to my left, at this time we were cleared to line up and"
1704541,2019-11-01,ORANGE,0.525,0.23422815908818084,1,Deviation - Track / Heading All Types; Deviation / Discrepancy - Procedural Clearance; Deviation / Discrepancy - Procedural Published Material / Policy; Inflight Event / Encounter CFTT / CFIT; Inflight Event / Encounter Weather / Turbulence,2,0,1,0,2,Initial Approach,-1_the_to_and_was,"During night visual approach in clear VMC conditions, adverse tail winds on the base leg pushed the aircraft through the final approach course prescribed for the RNAV GPS Y Runway 21 at CHO.  Due to the proximity of high terrain only 1.5 nm from the approach end of the runway, and due to being above"
1709909,2019-12-01,ORANGE,0.525,0.23118238063011787,1,Aircraft Equipment Problem Critical; Deviation / Discrepancy - Procedural Published Material / Policy; Flight Deck / Cabin / Aircraft Event Smoke / Fire / Fumes / Odor,1,0,2,0,3,Climb,0_engine_the_and_we,"This event occurred on the second segment of a First Officer's IOE trip. The flight departed ZZZ on a turn and made a normal takeoff enroute to ZZZ1. Climbing on the SID with the autopilot engaged, ZZZ departure handed us off to Center to continue our climb. Nearly immediately after checking in, bot"
1720974,2020-01-01,ORANGE,0.525,0.36287147520711815,1,Aircraft Equipment Problem Critical; Deviation / Discrepancy - Procedural Published Material / Policy,3,0,1,1,1,Cruise,0_engine_the_and_we,ZZZ to ZZZ1. Leg five of five on day one of a four day trip. I was Pilot Flying and the Captain was Pilot Monitoring. Departing ZZZ during reported windshear. Take off was accomplished bleeds off as per FSM. At acceleration height the Captain accomplished his flow and we continued on course normally
1728287,2020-02-01,ORANGE,0.525,0.525470190094048,1,ATC Issue All Types; Conflict NMAC,1,0,3,1,1,Initial Climb,3_runway_aircraft_traffic_on,"I was cleared for takeoff, Runway 32 at Lake Hood, and instructed to turn right towards the Tudor Overpass for the Tudor Overpass Departure procedure. I cleared my right turn, and continued to clear it as best I could while continuing a right hand turn in a high wing airplane. As I rolled wings leve"
1731838,2020-03-01,ORANGE,0.525,0.24349613347494925,1,Airspace Violation All Types; Deviation / Discrepancy - Procedural Clearance,2,2,0,1,0,Takeoff / Launch,-1_the_to_and_was,"Departure on this flight occurs well before the Control Tower opens. While preflighting, the aircraft received and printed a PDC with a clearance that deviated slightly from our filed plan. We inputted and cross-verified the clearance and the squawk code. This was the first time for both of us opera"
1739920,2020-04-01,ORANGE,0.525,0.2932899885505392,1,Deviation - Altitude Crossing Restriction Not Met; Deviation - Altitude Overshoot; Deviation / Discrepancy - Procedural Clearance; Deviation / Discrepancy - Procedural Published Material / Policy; Inflight Event / Encounter CFTT / CFIT; Inflight Event / Encounter Weather / Turbulence,2,0,1,1,1,Other missed approach,-1_the_to_and_was,"While en route to ZZZ we received a NOTAM indicating the runway edge lights were INOP for XX/XY.  I discussed my plan with the First Officer to shoot the approach to Runway XX and see how it looks, thinking there were still runway end identifier lights.  I briefed the approach emphasizing terrain be"
1777761,2020-05-01,ORANGE,0.525,0.18123051597520745,1,Deviation / Discrepancy - Procedural Published Material / Policy; Ground Event / Encounter Other / Unknown,1,2,1,0,1,Parked,21_to_and_the_that,In ZZZZ loading was taking too long so I stopped our duty day because at our arrival point we would be over our legal XX hours.  I asked the company for hotel rooms for the crew.  The Handler informed us we would need to stay in a government designated hotel and undergo COVID-19 testing or stay on t
1752617,2020-07-01,ORANGE,0.525,0.6608232914537054,1,Aircraft Equipment Problem Less Severe; Deviation / Discrepancy - Procedural Published Material / Policy; Inflight Event / Encounter Fuel Issue; Inflight Event / Encounter Weather / Turbulence,1,1,0,3,3,Final Approach,-1_the_to_and_was,We were scheduled to fly ORD. There was a SIGMET for TRWs (Thunderstorm) in the Indianapolis area with tops to FL400 moving to the northeast. The Dispatcher who was on IOE (Initial Operating Experience) filed us through the area of weather. Prior to departure I called the Dispatcher to discuss the r
1750118,2020-07-01,ORANGE,0.525,0.016974877410166456,1,Deviation - Speed All Types; Deviation / Discrepancy - Procedural Published Material / Policy; Inflight Event / Encounter Unstabilized Approach,2,0,1,1,1,Initial Climb,10_flaps_flap_we_the,I was the Captain and flying the aircraft and was going directly to ZZZZZ on the ILS Runway XXR approach.  We were hoping for the ILS YYL approach because we were parking on the west side.  They said we could have XXR and we accepted.  I was probably a little tired and I was fast on speed approachin
1748818,2020-07-01,ORANGE,0.525,0.12222230922656929,1,ATC Issue All Types; Inflight Event / Encounter Weather / Turbulence,1,1,0,2,3,Climb,20_frequency_to_and_the,"Departed ZZZ's XXR on the SID. ZZZ Departure gave us a climb to 15,000 feet, and handed us off to Center. We attempted to check in with no success. Other aircraft on frequency, were also not able to communicate with this frequency. After several minutes of cruising at 15,000 feet another aircraft on"
1756169,2020-08-01,ORANGE,0.525,0.2601031142195761,1,ATC Issue All Types; Conflict Airborne Conflict; Deviation - Altitude Undershoot; Deviation / Discrepancy - Procedural Published Material / Policy,0,1,1,2,2,Descent,-1_the_to_and_was,Diverting around WX (Weather) over ZZZZZ intersection and ATC cleared us to descend from FL380 to FL240. As we approached the WX the Center controller handed us off to the next sector. We checked on descending thru around FL300 and the controller stated he was irritated about everyone stepping on ea
1759362,2020-09-01,ORANGE,0.525,0.027509548553635077,1,Deviation / Discrepancy - Procedural Published Material / Policy,2,0,1,1,1,Takeoff / Launch,10_flaps_flap_we_the,"I have never set flaps incorrectly, or departed, with an incorrect flap setting. This was the First Officer's takeoff. Both he and I departed with the incorrect flap setting today. After flying 4 tough, weather legs between ZZZ and ZZZ1 the day prior, I believe we were both still tired from dealing "
1773317,2020-11-01,ORANGE,0.525,0.458410585561454,1,Deviation / Discrepancy - Procedural Published Material / Policy; Inflight Event / Encounter Unstabilized Approach,4,0,1,1,1,Final Approach,10_flaps_flap_we_the,"On short final to land Runway XXR we heard a 'too low, flaps' audible warning. As the PM, I saw we were at flaps 25 with a planned flaps 30. I called this out to the First Officer who was the flying pilot as I selected flaps 25 and performed the landing check which we had apparently missed on approa"
1777704,2020-12-01,ORANGE,0.525,0.2446040006387845,1,ATC Issue All Types; Conflict Airborne Conflict; Deviation - Track / Heading All Types,2,0,1,1,1,Other Go Around,3_runway_aircraft_traffic_on,"Aircraft ahead failed to exit landing runway in timely fashion. ATC instructed us to execute a go-around, Runway 34 right. Simultaneous departing traffic on 35 left was offset and behind. We were than instructed to turn right heading of 105. Almost immediately we got a proximity warning. We were the"
1896192,2022-04-01,ORANGE,0.525,0.6045052521662799,1,Conflict NMAC; Deviation / Discrepancy - Procedural Clearance,1,2,1,0,1,Landing,1_the_to_approach_and,"We were conducting an IFR flight from ZZZ1 to ZZZ. This was part of a cross-country Part 141 training flight ZZZ - ZZZ2 - ZZZ1 - ZZZ while working on my Flight Instructor rating. I was in the right seat, with my Flight Instructor in the left seat. I was using a view-limiting device, while my Flight "
1894682,2022-04-01,ORANGE,0.525,0.13779680637573766,1,Conflict NMAC,0,2,3,0,1,Initial Approach,3_runway_aircraft_traffic_on,"A cross-country training flight was being conducted from ZZZ1 to ZZZ. I was the instructor. Approximately 14 miles to the north of ZZZ, we reported the field in sight to ZZZ2 Center and were instructed to squawk VFR and change frequency. The plan was to set up on a 45-degree entry to the left downwi"
1894250,2022-04-01,ORANGE,0.525,0.46357885796381204,1,Aircraft Equipment Problem Critical; Deviation / Discrepancy - Procedural FAR; Deviation / Discrepancy - Procedural Published Material / Policy,0,1,1,2,2,Descent,0_engine_the_and_we,"While on the arrival into ZZZ, passing through approximately 12,000 feet, we had an EICAS (Engine Indicating and Crew Alerting System) advisory message 'HYD SYS 1 LO QTY' appear after ATC issued a runway change. The captain advised me to run the HYD SYS 1 LO QTY QRH. We noted that our hydraulic quan"
1901910,2022-05-01,ORANGE,0.525,0.19403994560000903,1,No Specific Anomaly Occurred Unwanted Situation,2,0,1,1,1,,21_to_and_the_that,"I'm involuntarily TDY'd to ZZZ, and had been on duty for 2 days at the time of the event. I have been commuting to ZZZ for [8 hour] airport standby (ready Reserve) for 17 days in the last 30 days, and I have been to my home for 2 days the entire month due to TDY. The night of the Date I was unable t"
1909755,2022-05-01,ORANGE,0.525,0.17500159259774184,1,Aircraft Equipment Problem Less Severe; Deviation / Discrepancy - Procedural FAR; Deviation / Discrepancy - Procedural MEL / CDL; Deviation / Discrepancy - Procedural Maintenance; Deviation / Discrepancy - Procedural Published Material / Policy,0,1,1,2,2,Takeoff / Launch,0_engine_the_and_we,This was my first Take-Off (TO) as Second in Command (SIC) Pilot Flying (PF) for OE (Operating Experience). I set TO power and then took my hands off the thrust levers but [the Check Airmen] motioned for me to keep my hands on the thrust levers saying keep your hands on the thrust levers. A severe v
1900688,2022-05-01,ORANGE,0.525,0.11494939569751905,1,Deviation - Altitude Excursion From Assigned Altitude; Deviation - Speed All Types; Deviation - Track / Heading All Types; Deviation / Discrepancy - Procedural Clearance; Deviation / Discrepancy - Procedural Published Material / Policy; Inflight Event / Encounter CFTT / CFIT; Inflight Event / Encounter Weather / Turbulence; Inflight Event / Encounter Unstabilized Approach,0,2,3,0,1,Initial Approach,-1_the_to_and_was,"I was the FO (First Officer)/PM (Pilot Monitoring) for this leg. This was our first leg of the sequence. I had never flown with this CA (Captain) prior to this sequence, but was comfortable and we worked well together. Conditions were Day VMC with Moderate turbulence and tailwinds on final until abo"
1915174,2022-07-01,ORANGE,0.525,0.17495083983663484,1,Aircraft Equipment Problem Less Severe; Deviation / Discrepancy - Procedural Published Material / Policy; Flight Deck / Cabin / Aircraft Event Illness / Injury; Flight Deck / Cabin / Aircraft Event Smoke / Fire / Fumes / Odor,2,0,1,0,2,Parked,4_smell_smoke_the_odor,"Approaching the gate it was clear a serious fume event had/was taking place. Walking down the jet-bridge I almost immediately had a hard time breathing the air. Once I entered the cockpit, it was 100% clear it was fume event. I told the FAs (Flight Attendants) to deplane. Maintenance had NOT written"
1916238,2022-07-01,ORANGE,0.525,0.0022691606942716325,1,"ATC Issue All Types; Conflict Ground Conflict, Less Severe; Deviation / Discrepancy - Procedural Published Material / Policy; Inflight Event / Encounter Unstabilized Approach",1,0,3,1,1,Final Approach; Landing; Initial Approach,-1_the_to_and_was,"During visual approach to XXL, First Officer (FO) was pilot flying (PF) and I was pilot monitoring (PM). Both pilots were unfamiliar with simultaneous visual approach procedures into ZZZ1. We were cleared on the visual following traffic to the parallel. Due to heavy glare and haze, FO was unable to "
2005826,2023-06-01,ORANGE,0.525,0.1326000356591609,1,Conflict NMAC; Deviation / Discrepancy - Procedural Clearance; Deviation / Discrepancy - Procedural Published Material / Policy,1,2,1,0,1,Initial Climb,3_runway_aircraft_traffic_on,"After picking up my load of jumpers for the day, I announced over CTAF that I was taxiing from the North hangars to Runway XX. While taxiing, I noted the windsock and the weather broadcasting system indicated a direct crosswind out of 090. I knew the wind had been favoring Runway XX through the day "
